Draco;Epaphroditos
Christ;Ilies
Aimee;Howell
Vittore;Édouard
Mady;Grwn
Séléna;Marwa
Chatzkel;Giedrius
Placide;Shayla
Mireille;Hagir
Natasa;Idelle
Emmy;Dragan
Honorata;Pavao
Pavao;Cameron
Cloe;Liesa
Bridger;Duff
Séléna;Placide
Ixchel;Teodor
Mady;Natasa
Petru;Ziva
Iagan;Silviu
Dany;Mady
Vittore;Björn
Áron;Honorata
Björn;Gergõ
Faizel;Spiridon
Liesa;Salomão
Christ;Édouard
Shayla;Isolde
Idelle;Keith
Gordon;Vibol
Cain;Lizzy
Vibol;Gaétan
Glenys;Gergõ
Amadeo;Ambrogio
Papillion;Argus
Simo;Silviu
Placide;Mélanie
Placide;Áron
Vibol;Christ
Keith;Dragan
Pavao;Vittore
Glenys;Amadeo
Illtyd;Grwn
Séléna;Damhnait
Edmonda;Cowal
Vibol;Lalie
Houda;Évike
Glenys;Cloe
Shayla;Lizzy
Dragan;Amadeo
Gordon;Illtyd
Ixchel;Shayla
Sabino;Vittorio
Keith;Naheed
Imane;Placide
Vibol;Placide
Phuong;Griffith
Grwn;Damhnait
Grwn;Duff
Aimee;Salomão
Papillion;Damhnait
Vibol;Christ
Mélanie;Montserrat
Lujayn;Séléna
Gawel;Draco
Imane;Aimee
Ambrogio;Gaétan
Illtyd;Salomão
Phuong;Vittorio
Ambrogio;Aïcha
Papillion;Kirsa
Salomão;Lalie
Séléna;Gordon
Idelle;Imane
Cain;Dany
Christ;Vittore
Aimee;Louis
Séléna;Glenys
Damhnait;Vittore
Emmy;Aimee
Barbra;Áron
Naheed;Idelle
Duff;Barbra
Barbra;Idelle
Argus;Ramsay
Jakob;Iagan
Cameron;Mélanie
Vibol;Cain
Cain;Petru
Séléna;Cain
Sabino;Lalie
Cain;Jari
Honorata;Aimee
Nazim;Aliya
Papillion;Dany
Keld;Jacaline
Jakob;Cowal
Mélanie;Barbra
Sabino;Edmonda
Dragan;Iagan
Áron;Faizel
Natasa;Amadeo
Björn;Dany
Silviu;Duff
Áron;Cardea
Gergõ;Lizzy
Vittorio;Jakob
Placide;Shayla
Illtyd;Barbra
Grwn;Björn
Satchel;Dragan
Honorata;Mireille
Jari;Montserrat
Aimee;Imane
Papillion;Natasa
Damhnait;Lizzy
Olavi;Duff
Natasa;Barbra
Aïcha;Shayla
Petru;Ambrogio
Illtyd;Duff
Séléna;Ixchel
Montserrat;Draco
Vittore;Lizzy
Évike;Satchel
Petru;Liesa
Cowal;Aimee
Honorata;Petru
Pavao;Hagir
Keith;Pavao
Mélanie;Shirine
Bridger;Olavi
Eliezer;Edmonda
Bridger;Vibol
Isolde;Glenys
Iagan;Phuong
Yassin;Aïcha
Amadeo;Évike
Olavi;Vibol
Kirsa;Áron
Hagir;Silviu
Séléna;Spiridon
Ziva;Áron
Duff;Placide
Chatzkel;Shayla
Dragan;Edmonda
Olavi;Petru
Christ;Gawel
Keith;Chatzkel
Ziva;Phuong
Duff;Ramsay
Placide;Mady
Epaphroditos;Glenys
Naheed;Shayla
Howell;Chatzkel
Vittore;Phuong
Duff;Glenys
Damhnait;Placide
Ixchel;Hagir
Emmy;Shirine
Jari;Sabino
Sabino;Keith
Grwn;Christ
Christ;Silviu
Marwa;Despoina
Stéphanie;Despoina
Cain;Silviu
Iagan;Vittore
Salomão;Dragan
Montserrat;Bridger
Gergõ;Édouard
Édouard;Gaétan
Epaphroditos;Argus
Pavao;Liesa
Ixchel;Imane
Keld;Mady
Shirine;Houda
Lizzy;Jari
Lizzy;Gawel
Epaphroditos;Aimee
Liesa;Ixchel
Placide;Séléna
Honorata;Howell
Petru;Ixchel
Faizel;Yassin
Gaétan;Gawel
Björn;Honorata
Vittorio;Olavi
Phuong;Keith
Faizel;Ziva
Sabino;Kirsa
Ilies;Petru
Vittore;Barbra
Yassin;Faizel
Lizzy;Mélanie
Aliya;Áron
Christ;Glenys
Dany;Chatzkel
Dragan;Petru
Edmonda;Epaphroditos
Petru;Mady
Draco;Chatzkel
Kirsa;Mireille
Liesa;Grwn
Argus;Howell
Ramsay;Hagir
Amadeo;Sevan
Glenys;Barbra
Olavi;Gaétan
Menashe;Shirine
Mireille;Stéphanie
Gordon;Björn
Gawel;Gaétan
Salomão;Mireille
Zayneb;Nazim
Isolde;Lizzy
Draco;Dany
Gaétan;Pavao
Phuong;Mireille
Keld;Mélanie
Ziva;Jakob
Évike;Louis
Lalie;Keld
Spiridon;Aimee
Édouard;Chatzkel
Lizzy;Illtyd
Mady;Isolde
Faizel;Finn
Ambrogio;Lalie
Petru;Louis
Olavi;Cain
Sabino;Papillion
Imane;Gawel
Papillion;Honorata
Áron;Emmy
Mireille;Grwn
Hagir;Kirsa
Despoina;Mady
Placide;Menashe
Silviu;Séléna
Évike;Gawel
Christ;Séléna
Cain;Epaphroditos
Ágoston;Dany
Shayla;Bridger
Spiridon;Pavao
Imane;Faizel
Dany;Mady
Shayla;Sabino
Montserrat;Dany
Howell;Epaphroditos
Pavao;Grwn
Placide;Ambrogio
Damhnait;Ziva
Lujayn;Gordon
Vibol;Liesa
Rufino;Faizel
Barbra;Iagan
Damhnait;Gawel
Idelle;Pavao
Évike;Áron
Gordon;Ixchel
Gawel;Papillion
Christ;Gaétan
Ambrogio;Papillion
Rufino;Duff
Olavi;Áron
Keith;Stéphanie
Aïcha;Dragan
Cain;Dragan
Ágoston;Mireille
Lujayn;Aimee
Cain;Papillion
Cameron;Dany
Keld;Vittore
Ilies;Séverin
Damhnait;Amadeo
Olavi;Édouard
Gaétan;Évike
Séléna;Menashe
Marwa;Liesa
Lizzy;Vittorio
Bridger;Glenys
Petru;Kirsa
Faizel;Imane
Dragan;Christ
Pavao;Spiridon
Salomão;Mélanie
Dany;Christ
Imane;Glenys
Séverin;Draco
Vittorio;Rufino
Dany;Pavao
Phuong;Petru
Duff;Ixchel
Grwn;Satchel
Barbra;Évike
Phuong;Illtyd
Iagan;Zayneb
Vittore;Séléna
Epaphroditos;Gergõ
Mireille;Dragan
Mireille;Mady
Faizel;Keld
Edmonda;Natasa
Glenys;Lujayn
Édouard;Montserrat
Gordon;Illtyd
Epaphroditos;Vibol
Gaétan;Salomão
Dany;Bridger
Lizzy;Salomão
Hagir;Imane
Faizel;Epaphroditos
Chatzkel;Hagir
Epaphroditos;Gaétan
Iagan;Björn
Natasa;Gordon
Dragan;Stéphanie
Teodor;Sabino
Kirsa;Keith
Lilas;Lujayn
Aimee;Keith
Mélanie;Imane
Ziva;Jakob
Liesa;Marwa
Keith;Rufino
Aimee;Lalie
Chatzkel;Liesa
Silviu;Stéphanie
Argus;Évike
Glenys;Eliezer
Louis;Naheed
Vibol;Silviu
Pavao;Iagan
Chatzkel;Emmy
Grwn;Barbra
Dragan;Imane
Menashe;Edmonda
Louis;Cloe
Nolann;Iagan
Barbra;Iagan
Illtyd;Björn
Jari;Gergõ
Christ;Jari
Amadeo;Cloe
Aïcha;Olavi
Epaphroditos;Aïcha
Silviu;Montserrat
Jakob;Ramsay
Gawel;Rufino
Duff;Ixchel
Louis;Illtyd
Menashe;Vittorio
Imane;Ágoston
Duff;Olavi
Emmy;Évike
Kirsa;Olavi
Dragan;Barbra
Epaphroditos;Draco
Shirine;Finn
Áron;Damhnait
Dragan;Iagan
Gaétan;Keld
Giedrius;Vibol
Mélanie;Amadeo
Draco;Gordon
Mireille;Epaphroditos
Vittorio;Placide
Shayla;Petru
Imane;Emmy
Glenys;Idelle
Liesa;Iagan
Rufino;Mireille
Imane;Phuong
Idelle;Mireille
Montserrat;Simo
Chatzkel;Damhnait
Gergõ;Gordon
Cowal;Honorata
Édouard;Chatzkel
Shayla;Finn
Lizzy;Rufino
Imane;Honorata
Ágoston;Lizzy
Placide;Ilies
Pavao;Louis
Hagir;Simo
Chatzkel;Hagir
Isolde;Petru
Glenys;Keld
Björn;Séléna
Gawel;Cain
Papillion;Évike
Silviu;Petru
Mireille;Bridger
Glenys;Zayneb
Áron;Faizel
Vibol;Dragan
Lalie;Emmy
Spiridon;Menashe
Petru;Vittore
Despoina;Gawel
Gawel;Aïcha
Dany;Vittore
Griffith;Emmy
Lizzy;Faizel
Lujayn;Spiridon
Ambrogio;Pavao
Petru;Sabino
Mady;Zayneb
Iagan;Honorata
Björn;Grwn
Gawel;Chatzkel
Aïcha;Isolde
Lalie;Silviu
Cardea;Séverin
Placide;Nolann
Gergõ;Epaphroditos
Louis;Placide
Mélanie;Cain
Björn;Imane
Emmy;Papillion
Edmonda;Séléna
Aimee;Menashe
Jakob;Glenys
Rufino;Björn
Satchel;Argus
Stéphanie;Iagan
Barbra;Louis
Satchel;Cain
Dany;Vibol
Kirsa;Aimee
Stéphanie;Emmy
Spiridon;Illtyd
Jakob;Lizzy
Mireille;Évike
Chatzkel;Shirine
Draco;Amadeo
Olavi;Lujayn
Rufino;Draco
Dragan;Argus
Lalie;Faizel
Évike;Nazim
Simo;Imane
Honorata;Menashe
Zayneb;Chatzkel
Amadeo;Faizel
Silviu;Jakob
Áron;Placide
Amadeo;Phuong
Finn;Lujayn
Barbra;Mireille
Sevan;Damhnait
Montserrat;Eliezer
Amadeo;Aïcha
Barbra;Christ
Illtyd;Shayla
Finn;Liesa
Epaphroditos;Duff
Draco;Damhnait
Cloe;Illtyd
Emmy;Epaphroditos
Séléna;Olavi
Stéphanie;Imane
Séverin;Keith
Gawel;Hagir
Ixchel;Damhnait
Björn;Évike
Pavao;Idelle
Gawel;Olavi
Cloe;Pavao
Zayneb;Aliya
Hagir;Cloe
Silviu;Satchel
Silviu;Björn
Jakob;Olavi
Gordon;Chatzkel
Imane;Mady
Liesa;Pavao
Gaétan;Liesa
Silviu;Lujayn
Mady;Lilas
Hagir;Sabino
Gaétan;Sabino
Shayla;Montserrat
Edmonda;Argus
Argus;Epaphroditos
Édouard;Spiridon
Hagir;Cain
Eliezer;Ágoston
Mady;Cain
Aïcha;Lizzy
Nazim;Dragan
Ixchel;Placide
Ambrogio;Yassin
Lalie;Howell
Évike;Natasa
Gergõ;Faizel
Hagir;Cameron
Liesa;Ambrogio
Mady;Yassin
Iagan;Gawel
Illtyd;Faizel
Vittore;Mélanie
Lizzy;Vibol
Spiridon;Silviu
Ixchel;Jakob
Faizel;Ambrogio
Mireille;Ixchel
Idelle;Vittorio
Jakob;Édouard
Ramsay;Vibol
Pavao;Ziva
Évike;Gordon
Aliya;Christ
Menashe;Ixchel
Mady;Séléna
Duff;Amadeo
Shirine;Lujayn
Howell;Ambrogio
Shirine;Olavi
Olavi;Hagir
Aimee;Finn
Howell;Gergõ
Iagan;Glenys
Lujayn;Silviu
Liesa;Edmonda
Évike;Christ
Lujayn;Rufino
Faizel;Papillion
Ixchel;Mireille
Argus;Duff
Iagan;Christ
Vittorio;Cain
Ixchel;Draco
Papillion;Howell
Yassin;Pavao
Salomão;Cain
Cain;Dany
Chatzkel;Kirsa
Ramsay;Phuong
Finn;Séléna
Louis;Jakob
Évike;Dragan
Finn;Placide
Cloe;Ixchel
Menashe;Gawel
Damhnait;Ágoston
Damhnait;Jakob
Olavi;Vibol
Cain;Papillion
Jacaline;Séléna
Howell;Olavi
Faizel;Papillion
