Mady;Zayneb
Honorata;Iagan
Cain;Satchel
Honorata;Petru
Damhnait;Áron
Aimee;Kirsa
Chatzkel;Liesa
Idelle;Keith
Lizzy;Vittorio
Gaétan;Salomão
Björn;Grwn
Amadeo;Cloe
Grwn;Pavao
Hagir;Ramsay
Gaétan;Liesa
Damhnait;Vittore
Hagir;Imane
Dragan;Mireille
Despoina;Gawel
Phuong;Ramsay
Argus;Dragan
Cameron;Mélanie
Barbra;Louis
Lujayn;Séléna
Dragan;Évike
Barbra;Dragan
Barbra;Glenys
Sabino;Shayla
Bridger;Glenys
Honorata;Mireille
Duff;Ixchel
Cloe;Louis
Olavi;Vibol
Christ;Gaétan
Duff;Ramsay
Mireille;Phuong
Gergõ;Glenys
Pavao;Yassin
Lizzy;Mélanie
Despoina;Marwa
Illtyd;Lizzy
Finn;Placide
Giedrius;Vibol
Gawel;Iagan
Despoina;Stéphanie
Howell;Olavi
Keld;Mady
Montserrat;Silviu
Ixchel;Shayla
Grwn;Illtyd
Louis;Placide
Chatzkel;Shirine
Iagan;Phuong
Amadeo;Glenys
Jakob;Lizzy
Cain;Gawel
Keld;Lalie
Draco;Gawel
Imane;Ixchel
Hagir;Pavao
Aliya;Zayneb
Gaétan;Olavi
Argus;Satchel
Imane;Ágoston
Lizzy;Shayla
Glenys;Séléna
Cain;Olavi
Dragan;Imane
Edmonda;Sabino
Marwa;Séléna
Liesa;Marwa
Hagir;Simo
Ambrogio;Gaétan
Aimee;Honorata
Naheed;Shayla
Amadeo;Damhnait
Dany;Mady
Björn;Évike
Dragan;Salomão
Björn;Vittore
Petru;Shayla
Aliya;Áron
Eliezer;Glenys
Christ;Gawel
Kirsa;Papillion
Gaétan;Sabino
Björn;Dany
Barbra;Christ
Christ;Vibol
Jakob;Ziva
Glenys;Imane
Christ;Dany
Gergõ;Édouard
Barbra;Natasa
Emmy;Stéphanie
Christ;Iagan
Björn;Gergõ
Lalie;Salomão
Aimee;Imane
Gordon;Natasa
Ixchel;Menashe
Aimee;Menashe
Argus;Duff
Draco;Gordon
Amadeo;Phuong
Gawel;Évike
Aimee;Finn
Silviu;Stéphanie
Christ;Vittore
Iagan;Pavao
Keith;Naheed
Barbra;Grwn
Cloe;Illtyd
Glenys;Idelle
Damhnait;Placide
Mady;Placide
Edmonda;Epaphroditos
Draco;Epaphroditos
Chatzkel;Keith
Emmy;Griffith
Gawel;Gaétan
Jacaline;Keld
Menashe;Placide
Faizel;Imane
Keld;Mélanie
Emmy;Imane
Björn;Illtyd
Olavi;Petru
Finn;Lujayn
Gordon;Ixchel
Pavao;Ziva
Dragan;Edmonda
Cloe;Liesa
Ziva;Áron
Lalie;Silviu
Cowal;Edmonda
Jakob;Vittorio
Damhnait;Gawel
Faizel;Lizzy
Cardea;Séverin
Ixchel;Séléna
Christ;Séléna
Duff;Grwn
Ramsay;Vibol
Petru;Phuong
Amadeo;Faizel
Ambrogio;Petru
Lujayn;Rufino
Jari;Lizzy
Honorata;Menashe
Kirsa;Petru
Dany;Pavao
Phuong;Vittorio
Pavao;Vittore
Lujayn;Silviu
Emmy;Shirine
Chatzkel;Dany
Glenys;Zayneb
Imane;Simo
Gordon;Séléna
Idelle;Imane
Argus;Epaphroditos
Amadeo;Draco
Dragan;Keith
Ixchel;Mireille
Eliezer;Ágoston
Dany;Vittore
Petru;Sabino
Rufino;Vittorio
Keith;Sabino
Natasa;Papillion
Edmonda;Natasa
Isolde;Lizzy
Duff;Glenys
Spiridon;Édouard
Dany;Draco
Ambrogio;Faizel
Mady;Yassin
Cain;Hagir
Iagan;Stéphanie
Cain;Vibol
Epaphroditos;Gaétan
Christ;Glenys
Aïcha;Dragan
Aïcha;Isolde
Menashe;Shirine
Aïcha;Epaphroditos
Aïcha;Gawel
Chatzkel;Kirsa
Glenys;Jakob
Björn;Honorata
Mélanie;Placide
Ilies;Séverin
Gergõ;Gordon
Aimee;Louis
Idelle;Natasa
Ambrogio;Liesa
Kirsa;Olavi
Gawel;Hagir
Mady;Séléna
Cain;Papillion
Mireille;Salomão
Ilies;Petru
Epaphroditos;Glenys
Cain;Dragan
Cain;Epaphroditos
Mireille;Stéphanie
Bridger;Mireille
Séléna;Vittore
Aimee;Spiridon
Amadeo;Ambrogio
Argus;Évike
Liesa;Pavao
Lizzy;Salomão
Emmy;Évike
Gordon;Illtyd
Dragan;Vibol
Illtyd;Salomão
Edmonda;Liesa
Mady;Natasa
Gawel;Papillion
Aimee;Lujayn
Cain;Séléna
Glenys;Keld
Faizel;Áron
Björn;Silviu
Ambrogio;Placide
Houda;Shirine
Aïcha;Olavi
Placide;Shayla
Barbra;Vittore
Dragan;Satchel
Illtyd;Louis
Menashe;Spiridon
Barbra;Évike
Iagan;Zayneb
Argus;Papillion
Gawel;Olavi
Emmy;Áron
Aimee;Howell
Placide;Vibol
Petru;Silviu
Cain;Mady
Epaphroditos;Mireille
Dany;Montserrat
Chatzkel;Emmy
Damhnait;Ágoston
Petru;Ziva
Dragan;Emmy
Olavi;Séléna
Lilas;Mady
Faizel;Papillion
Hagir;Mireille
Chatzkel;Draco
Bridger;Dany
Faizel;Spiridon
Chatzkel;Shayla
Ambrogio;Aïcha
Faizel;Ziva
Argus;Ramsay
Chatzkel;Zayneb
Barbra;Idelle
Lujayn;Spiridon
Draco;Rufino
Damhnait;Grwn
Jacaline;Séléna
Dragan;Petru
Grwn;Mady
Menashe;Vittorio
Nolann;Placide
Finn;Séléna
Placide;Vittorio
Damhnait;Séléna
Menashe;Séléna
Idelle;Vittorio
Mélanie;Salomão
Nazim;Évike
Bridger;Shayla
Christ;Jari
Mady;Petru
Kirsa;Sabino
Lizzy;Ágoston
Draco;Montserrat
Vittore;Édouard
Christ;Grwn
Lalie;Vibol
Keld;Vittore
Grwn;Liesa
Draco;Séverin
Finn;Shayla
Cloe;Pavao
Imane;Placide
Mélanie;Shirine
Dany;Papillion
Iagan;Nolann
Barbra;Illtyd
Hagir;Ixchel
Christ;Ilies
Christ;Silviu
Hagir;Silviu
Faizel;Keld
Cowal;Honorata
Iagan;Vittore
Gaétan;Pavao
Phuong;Ziva
Christ;Évike
Emmy;Epaphroditos
Gaétan;Évike
Silviu;Vibol
Edmonda;Séléna
Mireille;Évike
Finn;Shirine
Damhnait;Ixchel
Nazim;Zayneb
Silviu;Spiridon
Björn;Gordon
Bridger;Olavi
Amadeo;Duff
Damhnait;Draco
Ambrogio;Howell
Dany;Ágoston
Petru;Vittore
Honorata;Imane
Christ;Édouard
Jakob;Édouard
Björn;Iagan
Idelle;Pavao
Illtyd;Shayla
Montserrat;Mélanie
Gaétan;Keld
Pavao;Spiridon
Damhnait;Jakob
Aïcha;Shayla
Chatzkel;Howell
Ixchel;Jakob
Amadeo;Mélanie
Louis;Petru
Barbra;Iagan
Edmonda;Eliezer
Glenys;Lujayn
Imane;Stéphanie
Montserrat;Simo
Cain;Silviu
Keith;Kirsa
Idelle;Mireille
Lizzy;Vittore
Houda;Évike
Cain;Petru
Chatzkel;Édouard
Gergõ;Howell
Faizel;Lalie
Sabino;Vittorio
Cain;Jari
Epaphroditos;Howell
Louis;Évike
Jakob;Louis
Amadeo;Dragan
Silviu;Simo
Duff;Epaphroditos
Lizzy;Vibol
Dragan;Iagan
Lalie;Sabino
Aïcha;Lizzy
Hagir;Sabino
Ambrogio;Lalie
Edmonda;Menashe
Mélanie;Vittore
Bridger;Vibol
Louis;Naheed
Amadeo;Aïcha
Amadeo;Natasa
Björn;Séléna
Cameron;Dany
Gawel;Menashe
Aimee;Salomão
Natasa;Évike
Chatzkel;Giedrius
Placide;Áron
Olavi;Vittorio
Isolde;Mady
Imane;Mady
Gordon;Vibol
Duff;Silviu
Cowal;Jakob
Jakob;Olavi
Imane;Phuong
Aimee;Lalie
Argus;Howell
Lujayn;Shirine
Gaétan;Édouard
Argus;Edmonda
Kirsa;Áron
Draco;Ixchel
Illtyd;Phuong
Barbra;Mireille
Ambrogio;Yassin
Damhnait;Lizzy
Illtyd;Spiridon
Ixchel;Liesa
Áron;Évike
Aimee;Emmy
Cloe;Hagir
Bridger;Duff
Sabino;Teodor
Epaphroditos;Faizel
Faizel;Gergõ
Iagan;Liesa
Cloe;Ixchel
Epaphroditos;Vibol
Dragan;Stéphanie
Ambrogio;Pavao
Damhnait;Ziva
Chatzkel;Hagir
Cameron;Hagir
Lilas;Lujayn
Gaétan;Vibol
Howell;Lalie
Hagir;Olavi
Olavi;Édouard
Duff;Illtyd
Gawel;Imane
Honorata;Howell
Keith;Phuong
Faizel;Rufino
Chatzkel;Gordon
Duff;Olavi
Ixchel;Teodor
Howell;Papillion
Epaphroditos;Gergõ
Cloe;Glenys
Mireille;Ágoston
Gawel;Rufino
Aliya;Nazim
Isolde;Shayla
Papillion;Sabino
Barbra;Mélanie
Aimee;Cowal
Keith;Pavao
Eliezer;Montserrat
Honorata;Papillion
Björn;Imane
Cain;Dany
Imane;Mélanie
Christ;Dragan
Emmy;Lalie
Papillion;Évike
Cain;Vittorio
Jari;Montserrat
Satchel;Évike
Honorata;Áron
Kirsa;Mireille
Cameron;Pavao
Isolde;Petru
Cardea;Áron
Jakob;Silviu
Cain;Lizzy
Despoina;Mady
Aliya;Christ
Olavi;Áron
Montserrat;Shayla
Gergõ;Jari
Spiridon;Séléna
Lujayn;Olavi
Lizzy;Rufino
Ixchel;Petru
Dany;Vibol
Jakob;Ramsay
Faizel;Yassin
Hagir;Kirsa
Phuong;Vittore
Glenys;Isolde
Montserrat;Édouard
Björn;Rufino
Keith;Rufino
Grwn;Satchel
Amadeo;Sevan
Faizel;Finn
Silviu;Séléna
Gordon;Évike
Barbra;Duff
Glenys;Iagan
Louis;Pavao
Mady;Mireille
Bridger;Montserrat
Honorata;Pavao
Ixchel;Placide
Keith;Stéphanie
Faizel;Illtyd
Dragan;Nazim
Satchel;Silviu
Grwn;Mireille
Liesa;Salomão
Liesa;Petru
Cain;Salomão
Cain;Mélanie
Jari;Sabino
Chatzkel;Gawel
Keith;Séverin
Barbra;Áron
Iagan;Jakob
Ambrogio;Papillion
Damhnait;Papillion
Gawel;Lizzy
Aimee;Epaphroditos
Aïcha;Yassin
Idelle;Naheed
Liesa;Vibol
Placide;Séléna
Aimee;Keith
Gergõ;Lizzy
Damhnait;Sevan
Emmy;Papillion
Mireille;Rufino
Iagan;Silviu
Finn;Liesa
Chatzkel;Damhnait
Gordon;Lujayn
Amadeo;Évike
Griffith;Phuong
Olavi;Shirine
Duff;Rufino
Duff;Placide
Ilies;Placide
